file,qty,instances,size_x_mm,size_y_mm,size_z_mm,volume_mm3
j6_adapter_flange.stl,1,j6_adapter_flange,66.0,66.0,6.0,19256.4
base_plate.stl,1,base_plate,132.0,118.5,6.0,93298.4
back_plate_pivot_plate.stl,1,back_plate:pivot_plate,132.0,66.0,17.0,44745.4
front_plate_pivot_plate.stl,1,front_plate:pivot_plate,132.0,77.0,17.0,61840.9
mx64_housing_cover_with_adapter_bay.stl,1,mx64_housing:cover_with_adapter_bay,60.2,66.5,66.0,35124.5
drive_gear_crank_left_m1_5_z28_on_mx64_horn.stl,1,drive_gear_crank:left:m1_5_z28_on_mx64_horn,44.99,81.62,8.0,13021.7
driven_gear_crank_right_m1_5_z28.stl,1,driven_gear_crank:right:m1_5_z28,44.94,81.59,8.0,14256.5
idle_link.stl,2,idle_link:left idle_link:right,26.24,65.13,8.0,5019.1
finger_coupler_left.stl,1,finger_coupler:left,49.0,90.0,18.0,16487.9
finger_coupler_right.stl,1,finger_coupler:right,49.0,90.0,18.0,16487.9
finger_pad_left.stl,1,finger_pad:left,50.0,16.0,3.0,2215.8
finger_pad_right.stl,1,finger_pad:right,50.0,16.0,3.0,2215.8
pivot_bushing_od6_id4.2_len9.0.stl,3,pivot_bushing:driven_gear_right pivot_bushing:idle_left pivot_bushing:idle_right,6.0,6.0,9.0,129.8
pivot_bushing_od6_id4.2_len6.8.stl,4,pivot_bushing:crank_left pivot_bushing:idle_left pivot_bushing:crank_right pivot_bushing:idle_right,6.0,6.0,6.8,98.1
